Sasithorne NED;Peach;23:31:18
Ekatrina BUL;Peach;23:31:23
Ekatrina BUL;Peach;23:33:42
Ekatrina BUL;Peach;23:33:53
Ekatrina BUL;Peach;23:33:59
Ekatrina BUL;Peach;23:35:39
Ekatrina BUL;Peach;23:36:07
Ekatrina BUL;Peach;23:36:17
Ekatrina BUL;Peach;23:36:59
Ekatrina BUL;Peach;23:37:33
Ekatrina BUL;Peach;23:38:08
Ekatrina BUL;Peach;23:38:22
Ekatrina BUL;Peach;23:39:20
Ekatrina BUL;Peach;23:39:38
Ekatrina BUL;Peach;23:39:55
Ekatrina BUL;Peach;23:40:31
Ekatrina BUL;Peach;23:40:37
Ekatrina BUL;Peach;23:41:10
Ekatrina BUL;Peach;23:41:44
Ekatrina BUL;Peach;23:41:53
Ekatrina BUL;Peach;23:42:06
Ekatrina BUL;Peach;23:42:19
Ekatrina BUL;Peach;23:42:28
Ekatrina BUL;Peach;23:42:58
Isabella USA;Tequila;10:48:32
Isabella USA;Tequila;10:52:56
Lorand BUL;Peach;10:53:02
Lorand BUL;Peach;10:53:29
Lorand BUL;Peach;10:53:48
Lorand BUL;Peach;10:53:55
Lorand BUL;Peach;10:53:59
Egg TUR;Vodka;19:02:53
